index,default,prob,scorecard
1782,0,0.008490188914531243,845.3303960970078
3917,0,0.0022039260605052407,848.7878406667221
221,0,0.008265096840200306,845.4541967378899
2135,0,0.031185538977680366,832.8479535622757
5224,0,0.001092908620673634,849.3989002586295
1168,0,0.0011025841834870983,849.3935786990821
879,0,0.0037477862644293277,847.9387175545639
156,0,0.04376201670002391,825.9308908149868
1657,0,0.0005420752940666785,849.7018585882633
323,0,0.0061840257904812205,846.5987858152353
5302,0,0.0024737353882419762,848.6394455364668
2611,0,0.0011124487488825164,849.3881531881146
811,0,0.001442135734579521,849.2068253459813
393,0,0.000842583809867035,849.5365789045732
3593,0,0.0012384103512492598,849.3188743068129
2638,0,0.0013145651435967898,849.2769891710218
2187,0,0.0049712336167043025,847.2658215108127
5351,0,0.0010724348972846554,849.4101608064934
319,0,0.0011785847272998034,849.351778399985
167,0,0.004348881344267441,847.6081152606529
746,0,0.0037434993870080623,847.9410753371455
5470,0,0.0054079683497757535,847.0256174076234
3707,0,0.002228119336225915,848.7745343650757
2764,0,0.0011263382984196477,849.3805139358692
5112,0,0.0023486571737830982,848.7082385544193
4006,0,0.010755621470133911,844.0844081914264
1871,0,0.0012439378065484336,849.3158342063983
5756,0,0.002603387637151929,848.5681367995664
3193,0,0.0026937319197938027,848.5184474441133
3754,0,0.0018395621145716869,848.9882408369856
5625,0,0.00031277080825847006,849.8279760554578
4894,0,0.0006500774595055145,849.642457397272
4102,0,0.0028479187102212447,848.4336447093783
1261,0,0.0008458096435662675,849.5348046960386
2338,0,0.004922923067971033,847.2923923126159
84,0,0.004715214710915686,847.4066319089964
3821,0,0.0132566367290023,842.7088497990487
2653,0,0.005221937987593598,847.1279341068235
5545,0,0.0009887961230372697,849.4561621323295
2746,0,0.0011909429643379079,849.3449813696142
2858,0,0.0009300197609019885,849.4884891315039
996,0,0.0022589343959096616,848.7575860822498
228,0,0.0007770481992707815,849.572623490401
3264,0,0.0016660616474031438,849.0836660939283
4828,0,0.007433475209352617,845.911588634856
3942,0,0.002151968476612998,848.8164173378628
5459,0,0.0032253071698829395,848.2260810565645
3832,0,0.0051992676866760125,847.1404027723282
1652,0,0.0020489989994929053,848.8730505502789
79,0,0.022700236713494738,837.5148698075778
964,0,0.003727842334848316,847.9496867158334
926,0,0.0018250931181384195,848.9961987850239
794,0,0.003160248142612179,848.2618635215633
3379,0,0.001565310871214525,849.139079020832
3164,0,0.0008401972530370004,849.5378915108297
4657,0,0.0038218035634416127,847.8980080401071
3311,0,0.0015732761422119178,849.1346981217835
3934,0,0.0015572825057651324,849.1434946218292
1074,0,0.006592597259675976,846.3740715071782
4840,0,0.004160363847167668,847.7117998840578
4183,0,0.001914436912002551,848.9470596983986
2024,0,0.0006507652450146729,849.6420791152419
5677,0,0.004799476383925414,847.360287988841
4634,0,0.0014193491351696742,849.2193579756566
1745,0,0.0050174779075938016,847.2403871508234
3143,0,0.0029935415074849457,848.3535521708833
3263,0,0.0024872776589809804,848.6319972875605
3121,0,0.0004070581685009487,849.7761180073245
1451,0,0.007466595093876894,845.8933726983677
439,0,0.001009010568635613,849.4450441872505
3316,0,0.006232692411913321,846.5720191734476
4543,0,0.0014186948615833963,849.2197178261291
2981,0,0.0010135948753936244,849.4425228185335
2080,0,0.004171258950194379,847.7058075773931
4020,0,0.0007932256785030059,849.5637258768234
1454,0,0.0010838065057632445,849.4039064218302
254,0,0.001449339468194135,849.2028632924932
465,0,0.002500084115294275,848.6249537365882
2117,0,0.004568196114485303,847.4874921370331
506,0,0.0015725321997200293,849.135107290154
4271,0,0.0030631774993448917,848.3152523753603
4288,0,0.0014407705966020508,849.2075761718688
4213,0,0.00221811124103234,848.7800388174322
233,0,0.001320806493249458,849.2735564287128
553,0,0.0007588254554809483,849.5826459994855
5314,0,0.0018147509630749524,849.0018869703088
544,0,0.0007513263392655871,849.586770513404
3700,0,0.0009435747239693575,849.4810339018169
3540,0,0.0014918490893542913,849.1794830008552
2788,0,0.0011607592028793864,849.3615824384163
2864,0,0.0062898731248816715,846.5405697813151
2083,0,0.006044681307738737,846.6754252807438
5542,0,0.0018226642239052592,848.9975346768521
308,0,0.0050010633488191585,847.2494151581495
710,0,0.0009780422076419398,849.462076785797
4103,0,0.0007770481992707815,849.572623490401
1580,0,0.0016722255713718913,849.0802759357455
1310,0,0.02220635776829687,837.7865032274367
625,0,0.0035628735498406654,848.0404195475877
23,0,0.005664736896497879,846.8843947069262
2531,0,0.0012521650741270742,849.3113092092301
1870,0,0.003957886692423841,847.823162319167
5110,0,0.0017615868227853562,849.031127247468
3488,0,0.014396427795043729,842.081964712726
1170,0,0.001933869617286575,848.9363717104924
4745,0,0.0008508508803188654,849.5320320158246
2118,0,0.00276852670484711,848.4773103123341
3018,0,0.0038804291833435534,847.8657639491611
1194,0,0.005787554275002946,846.8168451487484
2245,0,0.0010904856130206633,849.4002329128386
2873,0,0.0007017879937174439,849.6140166034554
5639,0,0.0044923794918594155,847.5291912794773
2549,0,0.000941952161156549,849.4819263113638
3154,0,0.001529629572817377,849.1587037349504
93,0,0.009810352418476026,844.6043061698382
2077,0,0.0008267445135928173,849.545290517524
469,0,0.003113241139839677,848.2877173730882
787,0,0.0014158611838698376,849.2212763488716
1699,0,0.001294865700165892,849.2878238649088
1837,0,0.006236285205113182,846.5700431371878
3063,0,0.0014490711795303438,849.2030108512583
1706,0,0.0036089892391661564,848.0150559184586
3967,0,0.004277134991356318,847.647575754754
3862,0,0.001203999317636435,849.3378003752999
3664,0,0.001974494523541974,848.914028012052
5891,0,0.01319828466924868,842.7409434319133
3204,0,0.0137219369219246,842.4529346929414
604,0,0.0007066558562015852,849.6113392790892
4942,0,0.0010389379570465776,849.4285841236244
1550,0,0.0031584923003323577,848.2628292348172
4708,0,0.0022039260605052407,848.7878406667221
4834,0,0.025033529745614205,836.2315586399121
3185,1,0.006695547419108992,846.3174489194901
4386,0,0.3129939308161536,677.8533380511155
1586,0,0.0018034173525696402,849.0081204560867
3119,0,0.0021411014270678965,848.8223942151127
3399,0,0.0020832941844401614,848.8541881985578
401,0,0.0035280996816447617,848.0595451750953
31,0,0.011274089418125719,843.7992508200309
1483,0,0.004141859458151968,847.7219772980164
2680,0,0.0020444157107504172,848.8755713590873
599,0,0.00241200039718199,848.6733997815498
3149,0,0.01885694111502848,839.6286823867343
5544,0,0.005070705890134342,847.2111117604261
1860,0,0.0018964294022298185,848.9569638287736
565,0,0.002021532163557495,848.8881573100434
2213,0,0.0017684457681571531,849.0273548275136
1966,0,0.0010724348972846554,849.4101608064934
865,0,0.0006235763881796343,849.6570329865012
4607,0,0.008091528551295711,845.5496592967874
2450,0,0.0008027027285579949,849.5585134992931
5692,0,0.0015417378463274025,849.1520441845199
812,0,0.0009932031461356533,849.4537382696254
1477,0,0.005046425474196302,847.224465989192
4734,0,0.003985346742801688,847.808059291459
2271,0,0.013264421390927773,842.7045682349898
1038,0,0.0031306015148080193,848.2781691668556
4526,0,0.0024722365767108987,848.640269882809
80,0,0.001983294087476076,848.9091882518882
1204,0,0.004712624151168191,847.4080567168575
3285,0,0.0018255086805505488,848.9959702256972
1545,0,0.0031470327523057677,848.2691319862319
177,0,0.0020853333382189415,848.8530666639796
2585,0,0.0008525519332607086,849.5310964367065
5992,0,0.0030854950312234164,848.3029777328271
4863,0,0.004380462331018099,847.5907457179401
1438,0,0.001662175430569575,849.0858035131868
296,0,0.03321013034200762,831.7344283118958
3615,0,0.0016591659109848468,849.0874587489584
3647,0,0.004217438176596281,847.680409002872
157,0,0.01163073369049043,843.6030964702303
1027,0,0.005231885525749163,847.122462960838
410,0,0.03900128511702852,828.5492931856344
3958,0,0.001382459306201367,849.2396473815892
5937,0,0.03335006008018104,831.6574669559004
4956,0,0.006820904341777396,846.2485026120224
4756,0,0.0044476620652948735,847.5537858640878
5447,0,0.008239391223700498,845.4683348269647
2181,0,0.0028454718986746816,848.4349904557289
5808,0,0.012317072447633344,843.2256101538017
810,0,0.0010817353844584823,849.4050455385478
4915,0,0.0018132902686919011,849.0026903522195
4953,0,0.31441045258425,677.0742510786625
3733,0,0.006133761282570098,846.6264312945864
5163,0,0.0011843590188476802,849.3486025396337
2977,0,0.008415846901482272,845.3712842041848
3795,0,0.0011756095946026104,849.3534147229685
2168,0,0.023066801959445,837.3132589223053
3077,0,0.009641632350855184,844.6971022070297
1694,0,0.00114288436371006,849.3714135999595
1024,0,0.006077748639907463,846.6572382480508
3946,0,0.07354880009887918,809.5481599456164
2124,1,0.00383749784342792,847.8893761861146
5294,0,0.0034064476808453323,848.1264537755351
2704,0,0.0014361127916704232,849.2101379645812
1033,0,0.004314405871183135,847.6270767708493
5871,0,0.006966197959452939,846.1685911223009
5364,0,0.0014890581197677224,849.1810180341278
4159,0,0.0028994797995891873,848.4052861102259
1700,0,0.001915241076753939,848.9466174077853
2913,0,0.0037566901729514696,847.9338204048767
4878,0,0.009046430679873589,845.0244631260696
3320,0,0.005439833459829483,847.0080915970938
5026,0,0.0009238025402145385,849.4919086028821
2582,0,0.00505883266702029,847.2176420331388
5283,0,0.00869850701554391,845.2158211414509
4250,0,0.03409556666992159,831.2474383315431
1186,0,0.003566096667291077,848.0386468329899
3737,0,0.0012327539549469844,849.3219853247792
783,0,0.006626822291446358,846.3552477397045
4402,0,0.0008457819240233104,849.5348199417872
50,0,0.0026378221379974066,848.5491978241014
712,0,0.0016744834374221,849.0790341094179
2306,0,0.0012605486240798236,849.306698256756
3867,0,0.003761666263279335,847.9310835551963
2446,0,0.0007829700300137964,849.5693664834924
2240,0,0.004045239597423322,847.7751182214172
4603,0,0.0023169486712146907,848.7256782308319
4790,0,0.001731393077276143,849.0477338074982
3103,0,0.020888701022992586,838.511214437354
5566,0,0.000854336773659933,849.5301147744871
676,0,0.017091304602139114,840.5997824688235
5556,0,0.006680740945385183,846.3255924800382
3639,0,0.0018397719541387685,848.9881254252236
2694,0,0.0018380328210431175,848.9890819484262
2995,0,0.002429091116902578,848.6639998857036
1562,0,0.0006518492956916254,849.6414828873696
3649,0,0.0028755799030526215,848.418431053321
2465,1,0.0006774597315663272,849.6273971476386
346,0,0.000383644827680244,849.7889953447758
1496,0,0.0011031422821451576,849.3932717448201
2344,0,0.002760799518987719,848.4815602645568
3905,0,0.019997302233913983,839.0014837713474
3658,0,0.009353670367827685,844.8554812976948
622,0,0.0011481504726794803,849.3685172400263
4096,0,0.011399825285163003,843.7300960931603
1400,0,0.0035461472990909815,848.0496189854999
3297,0,0.0011157024363168564,849.3863636600257
3985,0,0.0018030300570328127,849.0083334686319
5181,0,0.0014315411201338277,849.2126523839264
4617,0,0.00828883443161532,845.4411410626116
324,0,0.000659659050031951,849.6371875224825
2997,0,0.03795329412051803,829.1256882337151
37,0,0.0014787989001369371,849.1866606049247
5374,0,0.002194124751249917,848.7932313868125
4184,0,0.004703428031973638,847.4131145824144
530,0,0.0015133280137480307,849.1676695924385
2642,0,0.0014863965855447644,849.1824818779504
3680,0,0.0007472727900391488,849.5889999654785
2348,0,0.0007017879937174439,849.6140166034554
2784,0,0.001517066031297857,849.1656136827862
5492,0,0.0026870763214770403,848.5221080231877
2225,0,0.001544794097217743,849.1503632465302
1073,0,0.0027193399676481013,848.5043630177936
1197,0,0.002034105231759539,848.8812421225323
5138,0,0.007760396446046172,845.7317819546746
263,0,0.013889735842293664,842.3606452867384
1729,0,0.0059575867749872965,846.723327273757
5328,0,0.002067698043757562,848.8627660759333
907,0,0.007261697452599778,846.0060664010701
1335,0,0.002515199194660587,848.6166404429367
1393,0,0.0024909999887210293,848.6299500062034
960,0,0.0013978177582434686,849.2312002329661
239,0,0.0007281568552926016,849.599513729589
199,0,0.001563517245689563,849.1400655148707
2417,0,0.007325417049987352,845.971020622507
5469,0,0.004120032574399561,847.7339820840803
4310,0,0.0014361127916704232,849.2101379645812
4714,0,0.0017061594862099298,849.0616122825845
5790,0,0.0022817239557530286,848.7450518243359
325,0,0.0021996835704369863,848.7901740362597
2677,0,0.0014490711795303438,849.2030108512583
5823,0,0.002584284481984803,848.5786435349083
4418,0,0.004715214710915686,847.4066319089964
101,0,0.0007770481992707815,849.572623490401
1737,0,0.015061028372103717,841.716434395343
5261,0,0.0009017273627806207,849.5040499504706
877,0,0.003523779334031651,848.0619213662826
5892,0,0.011458474290211502,843.6978391403836
408,0,0.0023540411570379264,848.7052773636291
3745,0,0.00803649967958232,845.5799251762297
1244,0,0.0021788338646758915,848.8016413744283
2287,0,0.000687444635937145,849.6219054502345
1354,0,0.0029374941406661785,848.3843782226336
2857,0,0.005761010700697601,846.8314441146164
893,0,0.0029031800147140763,848.4032509919073
1181,0,0.002286657693144631,848.7423382687705
4655,0,0.0013936507215298764,849.2334921031586
5322,0,0.0012012403262891505,849.3393178205409
3698,0,0.002255200599046409,848.7596396705245
4466,0,0.009107165544213295,844.9910589506827
4325,0,0.00515741953681143,847.1634192547536
730,0,0.0034833084641843633,848.0841803446987
1032,0,0.003989768321590765,847.8056274231251
3066,0,0.002558350135483605,848.5929074254841
5658,0,0.0015068112560261534,849.1712538091856
4896,0,0.0010177108428799362,849.440259036416
977,0,0.003226245022110295,848.2255652378393
4969,0,0.0014875208801935784,849.1818635158935
2622,0,0.0016967492412067692,849.0667879173362
1225,0,0.0007611678220217006,849.581357697888
1209,0,0.004776597929512882,847.3728711387679
5480,0,0.001092908620673634,849.3989002586295
586,0,0.03082718840681438,833.0450463762521
5454,0,0.000885991058023257,849.5127049180873
2820,0,0.06730089081170705,812.984510053561
5755,0,0.001023143608624458,849.4372710152566
2718,0,0.0024915085418681137,848.6296703019725
5624,0,0.00611478461473667,846.6368684618948
1760,0,0.0012671235342359315,849.3030820561702
3049,0,0.002991139381168871,848.3548733403571
1869,0,0.0010772228710699678,849.4075274209115
1544,0,0.08238114599589999,804.690369702255
472,0,0.002347804471673172,848.7087075405798
5239,0,0.0011701543681548333,849.3564150975149
1158,0,0.0008906861516935062,849.5101226165685
132,0,0.0017921737083503027,849.0143044604074
1536,0,0.0021319778465863576,848.8274121843775
2488,0,0.0017799137397620658,849.0210474431309
1632,0,0.006121482193581082,846.6331847935304
1321,0,0.002595125160591387,848.5726811616747
5427,0,0.0012501211965603614,849.3124333418918
1188,0,0.0019113506136870936,848.9487571624721
4378,0,0.0011249327947709833,849.381286962876
3971,0,0.012392983864223215,843.1838588746773
4816,0,0.0028910545268309145,848.409920010243
681,0,0.0006774597315663272,849.6273971476386
1777,0,0.9805003613805077,310.7248012407208
4405,0,0.0018542937785044258,848.9801384218225
4600,0,0.001994625754019131,848.9029558352895
4562,0,0.004813913730884112,847.3523474480137
2902,0,0.0017822651231748448,849.0197541822539
5686,0,0.003918764435082352,847.8446795607048
3551,0,0.0009932031461356533,849.4537382696254
5642,0,0.0011985716332553022,849.3407856017096
1374,0,0.0034606008774794783,848.0966695173863
1945,0,0.0015595026010279246,849.1422735694347
168,0,0.015107337864774034,841.6909641743742
4071,0,0.0008755806496926274,849.518430642669
4747,0,0.06698719686415669,813.1570417247138
501,0,0.0017566832680322717,849.0338242025823
1803,0,0.0009726384098009055,849.4650488746095
881,0,0.002198457241751894,848.7908485170365
706,0,0.0007916595226140636,849.5645872625622
3366,0,0.004798161464067355,847.361011194763
2323,0,0.0008931904010249958,849.5087452794363
2893,0,0.0028809212004532085,848.4154933397507
3816,0,0.007060673310510715,846.116629679219
2559,0,0.007858833874510383,845.6776413690193
230,0,0.00235969699833543,848.7021666509155
5091,0,0.00939320367671247,844.8337379778081
1554,0,0.0015687973572280104,849.1371614535245
4239,0,0.006943388201011024,846.1811364894439
5094,0,0.0009122793457456055,849.49824635984
4786,0,0.0014490711795303438,849.2030108512583
3601,0,0.0027057300748446794,848.5118484588354
5217,0,0.0009861365243623913,849.4576249116006
5075,0,0.0014388407170298108,849.2086376056336
17,0,0.000659659050031951,849.6371875224825
5175,0,0.005924351361964277,846.7416067509197
2868,0,0.12553782803077332,780.9541945830747
1654,0,0.005331133970974551,847.067876315964
1129,0,0.004872092760512784,847.320348981718
2329,0,0.0007631202648595738,849.5802838543273
1090,0,0.005118894214759073,847.1846081818825
5603,0,0.0028809212004532085,848.4154933397507
4458,0,0.09496289339539148,797.7704086325348
1498,0,0.003497968988783859,848.0761170561689
3033,0,0.0012460999943650528,849.3146450030991
1881,0,0.007442987235351437,845.9063570205567
2662,0,0.01961675353380849,839.2107855564053
5113,0,0.0005766991170919639,849.6828154855993
3413,0,0.009415885681802565,844.8212628750086
696,0,0.0010584619932628406,849.4178459037054
4423,0,0.0005649109187842607,849.6892989946687
3484,0,0.0009538062339028411,849.4754065713535
535,0,0.001064177382267708,849.4147024397528
2627,0,0.0017011868003094647,849.0643472598298
3163,0,0.006363275642888202,846.5001983964115
3492,0,0.003605396515350421,848.0170319165572
3653,0,0.003415422815823482,848.1215174512971
2594,0,0.017378533707986712,840.4418064606073
5717,0,0.002975240123927222,848.36361793184
5510,0,0.001060129558499457,849.4169287428253
1047,0,0.0020353026765181402,848.880583527915
5684,0,0.0011996548201464077,849.3401898489195
5018,0,0.0012610019989522368,849.3064489005764
14,0,0.0013870771962103097,849.2371075420843
3742,0,0.0011909429643379079,849.3449813696142
4307,0,0.0058643033392230025,846.7746331634273
5873,0,0.0027115653423338414,848.5086390617164
2347,0,0.002224398005541188,848.7765810969523
5690,0,0.002464913125339821,848.6442977810631
1564,0,0.0010434965396185008,849.4260769032098
5619,0,0.000687444635937145,849.6219054502345
1864,0,0.0025016295989872283,848.6241037205571
3094,0,0.0007136544072776973,849.6074900759972
65,0,0.0017927029559972416,849.0140133742016
3403,0,0.0017925344025258717,849.0141060786108
5409,0,0.0007490016108268091,849.5880491140452
5854,0,0.0007916595226140636,849.5645872625622
2410,0,0.00189293167689406,848.9588875777083
5769,0,0.0013533681825684972,849.2556474995873
2841,0,0.016971520219526318,840.6656638792605
2008,0,0.0013327053553044798,849.2670120545826
1272,0,0.009555161831310211,844.7446609927794
4945,0,0.002755947474894318,848.4842288888082
1894,0,0.00531647263983455,847.075940048091
4317,0,0.0028054110605681914,848.4570239166875
1971,0,0.0012091005998203978,849.3349946700988
4095,0,0.0051630622433946425,847.160315766133
88,0,0.0009001920193900618,849.5048943893355
3090,0,0.0007513263392655871,849.586770513404
4883,0,0.002389633497760701,848.6857015762316
1499,0,0.0011608169002375664,849.3615507048693
2899,0,0.0007281568552926016,849.599513729589
1407,0,0.0024392989791228894,848.6583855614824
3459,0,0.003922731137677871,847.8424978742772
3670,0,0.0012275273974762196,849.3248599313881
4698,0,0.001217019279524147,849.3306393962617
5777,0,0.8912354714898627,359.8204906805755
4503,0,0.0019452016004013971,848.9301391197793
763,0,0.005664736896497879,846.8843947069262
1662,0,0.012275223697891314,843.2486269661598
420,0,0.001563517245689563,849.1400655148707
3014,0,0.0014490711795303438,849.2030108512583
2584,0,0.006310898859632618,846.5290056272021
373,0,0.002722344318573429,848.5027106247846
5031,0,0.0008542640869687688,849.5301547521672
4534,0,0.0010668128997354937,849.4132529051454
2373,0,0.04810115536991259,823.5443645465481
2767,1,0.018255541631824922,839.9594521024962
3361,0,0.00513385461493953,847.1763799617833
1832,0,0.0015161649469786261,849.1661092791618
1620,0,0.003339187228593242,848.1634470242738
3275,0,0.0027774519454831495,848.4724014299843
538,0,0.03820297944369417,828.9883613059682
3550,0,0.0006734230592956662,849.6296173173874
755,0,0.0015270134907670136,849.1601425800782
3606,0,0.009033501276279764,845.0315742980462
534,0,0.009535840205847947,844.7552878867837
1448,0,0.001006014873491536,849.4466918195797
915,0,0.0040172199445509425,847.7905290304969
3127,0,0.005088101031497672,847.2015444326763
4939,0,0.0030420490542771004,848.3268730201476
5417,0,0.0014334174566786942,849.2116203988268
181,0,0.0032860708807268737,848.1926610156003
1769,0,0.0012555639691450044,849.3094398169702
4609,0,0.005025876067370986,847.2357681629459
2829,0,0.0007588254554809483,849.5826459994855
3313,0,0.0029910082407725034,848.3549454675751
5457,0,0.0015895199964140792,849.1257640019722
1192,0,0.009187172606255735,844.9470550665593
4081,0,0.002323129978527399,848.7222785118099
2127,0,0.001164293007081518,849.3596388461051
5395,0,0.0011701628062971159,849.3564104565365
476,0,0.0030664340838569607,848.3134612538787
4920,0,0.004336879572186793,847.6147162352972
1323,0,0.0009932031461356533,849.4537382696254
259,0,0.0012060499892294415,849.3366725059238
279,0,0.00949665904648338,844.7768375244342
561,0,0.005134317055524833,847.1761256194613
4284,0,0.045770977353875024,824.8259624553688
198,0,0.0026430209448613435,848.5463384803263
3929,0,0.0038721072743311048,847.870340999118
4377,0,0.021830162414167218,837.993410672208
2275,0,0.014499832994564359,842.0250918529896
1740,0,0.0008755806496926274,849.518430642669
1891,0,0.0009544145903818831,849.4750719752899
1859,0,0.0030456025232690137,848.324918612202
4614,0,0.002269026814443267,848.7520352520562
5903,0,0.0019273175629773397,848.9399753403625
3026,0,0.0018234359232043417,848.9971102422376
1383,0,0.001449339468194135,849.2028632924932
2091,0,0.005189506522193465,847.1457714127936
3076,0,0.00100495460508105,849.4472749672054
4333,0,0.0044940722104220105,847.528260284268
3198,0,0.008020786167846064,845.5885676076847
1599,0,0.001449339468194135,849.2028632924932
2574,0,0.0030640038755920655,848.3147978684244
1726,0,0.0033342330616497177,848.1661718160926
3237,0,0.00751428782364785,845.8671416969937
5246,0,0.004549641319601653,847.497697274219
5693,0,0.015515728300335804,841.4663494348154
4666,0,0.0009911690348398503,849.4548570308381
4792,0,0.001283543609264977,849.2940510149043
1223,0,0.002922778788629099,848.392471666254
1297,0,0.0026504938696371733,848.5422283716995
2775,0,0.006458895678418626,846.4476073768698
15,0,0.0015337401927680806,849.1564428939776
5425,0,0.0019996402574350997,848.9001978584107
351,0,0.009094144635628337,844.9982204504045
5404,0,0.001726836281874985,849.0502400449687
1362,0,0.0027572849360518866,848.4834932851714
2170,0,0.0014011015232947277,849.2293941621879
2031,0,0.0022817239557530286,848.7450518243359
3813,0,0.0029542226943096643,848.3751775181297
1022,0,0.07356383948348841,809.5398882840814
371,0,0.0023193447229519315,848.7243604023764
2244,0,0.0053132746918937695,847.0776989194584
2313,0,0.014219763123078127,842.179130282307
5860,1,0.05566973259518343,819.3816470726491
3796,1,0.04326876929897957,826.2021768855612
3799,0,0.001018719069833437,849.4397045115916
5804,0,0.0022739070388914768,848.7493511286096
742,0,0.003101104747648081,848.2943923887935
1268,0,0.004599287914286583,847.4703916471424
2600,0,0.0016619749862187962,849.0859137575796
1617,0,0.0008889837490852119,849.5110589380031
805,0,0.03795329412051803,829.1256882337151
4796,0,0.005651195696653828,846.8918423668404
683,0,0.001369268223569778,849.2469024770367
4983,0,0.02298183315424329,837.3599917651662
3559,0,0.0010081166219574158,849.4455358579235
3852,0,0.0009044732870203177,849.5025396921388
3805,0,0.00248256241267669,848.6345906730279
5563,0,0.0017770871899336438,849.0226020455365
4706,0,0.001018719069833437,849.4397045115916
4369,0,0.0008704391862200904,849.5212584475789
5012,0,0.001217019279524147,849.3306393962617
3856,0,0.0007017879937174439,849.6140166034554
3859,0,0.0018264231248021274,848.9954672813589
8,0,0.0041691789080674085,847.7069516005629
1862,0,0.00455439934778562,847.4950803587179
2819,0,0.008266541235337991,845.4534023205641
1351,0,0.0017049088375472477,849.062300139349
576,0,0.005171781920199938,847.15551994389
626,0,0.0011626475367863842,849.3605438547675
3618,0,0.002185231016388346,848.7981229409864
5531,0,0.001071646150870075,849.4105946170215
426,0,0.0014545138251011464,849.2000173961943
33,0,0.002480722506019267,848.6356026216894
1046,0,0.0014730175751755817,849.1898403336535
44,0,0.0014309731582772183,849.2129647629475
3339,0,0.010562725533809363,844.1905009564049
1044,0,0.09999156792337544,795.0046376421435
1101,0,0.0011996548201464077,849.3401898489195
1049,0,0.0015219687951743672,849.162917162654
1883,0,0.002208802265007688,848.7851587542458
4471,0,0.0016959006988893778,849.0672546156109
4633,0,0.0026858467922391315,848.5227842642685
1743,0,0.0019242206025891172,848.941678668576
2577,0,0.006411116773349656,846.4738857746577
63,0,0.005888331266212459,846.7614178035832
4353,0,0.0015084506213958728,849.1703521582323
3070,0,0.004157377398161033,847.7134424310115
5329,0,0.00253321791213611,848.6067301483251
2617,0,0.011922236579310437,843.4427698813793
1119,0,0.0010548702612159012,849.4198213563312
2499,0,0.002432422271182406,848.6621677508497
3392,0,0.0015068112560261534,849.1712538091856
705,0,0.002660616125552252,848.5366611309463
4986,0,0.005515270323480902,846.9666013220855
4962,0,0.002245895982253217,848.7647572097608
3268,0,0.0008267445135928173,849.545290517524
4010,0,0.4062084549216693,626.5853497930818
1612,0,0.0014345080599278126,849.2110205670397
4222,0,0.021198698074253505,838.3407160591606
1973,0,0.0014749242960381782,849.1887916371791
4815,0,0.005313751070800819,847.0774369110595
5559,0,0.006784654944389468,846.2684397805858
3932,0,0.0015732761422119178,849.1346981217835
1315,0,0.01885694111502848,839.6286823867343
5687,0,0.0031515013402171822,848.2666742628805
5694,0,0.001752472182268935,849.0361402997521
2798,0,0.0024840544192140657,848.6337700694322
5782,0,0.0013170376038703169,849.2756293178713
3836,0,0.0018213892103631233,848.9982359343003
4762,0,0.017674782662399458,840.2788695356803
747,0,0.001648902499231808,849.0931036254225
4241,0,0.0005983707250533931,849.6708961012206
473,0,0.0012147242625562542,849.331901655594
3443,0,0.006314491413871948,846.5270297223705
5673,0,0.0014490711795303438,849.2030108512583
297,0,0.0008375730568137377,849.5393348187524
303,0,0.005046425474196302,847.224465989192
2476,0,0.0023837451812593977,848.6889401503073
2377,0,0.003113241139839677,848.2877173730882
3534,0,0.002412959016095086,848.6728725411477
3309,0,0.0020437447858471505,848.8759403677841
3869,0,0.003054636412566133,848.3199499730887
4128,0,0.011340194578869018,843.762892981622
3616,0,0.0025201983172721677,848.6138909255003
2685,0,0.016231678266327987,841.0725769535196
240,0,0.046101208639879876,824.6443352480661
5737,0,0.0012510537778174387,849.3119204222004
2292,0,0.0008755806496926274,849.518430642669
1671,0,0.0011365375983482542,849.3749043209084
2099,0,0.030746581280185457,833.089380295898
5060,0,0.001092908620673634,849.3989002586295
1175,0,0.0019582070484577144,848.9229861233482
3933,0,0.0020135014540338474,848.8925742002814
4383,0,0.04906222555101257,823.0157759469431
3082,0,0.004658285589286257,847.4379429258926
2862,0,0.0019799666532535065,848.9110183407106
5591,0,0.001444567223144946,849.2054880272703
5710,0,0.0012530490565755947,849.3108230188834
5176,0,0.014903336862223846,841.8031647257768
1647,0,0.0010369341389776029,849.4296862235623
3414,0,0.001659130980519108,849.0874779607145
333,0,0.0035976657122255545,848.021283858276
2602,0,0.0015650550999773162,849.1392196950125
5867,0,0.0024852178874698676,848.6331301618916
2157,0,0.004724965028804451,847.4012692341576
1161,0,0.007581349322777429,845.8302578724724
3574,0,0.0008990971223583198,849.5054965827029
4476,0,0.0103347091247129,844.3159099814079
4581,0,0.004885221097260881,847.3131283965065
4950,0,0.00194339492746374,848.931132789895
3002,0,0.019983639352674595,839.008998356029
247,0,0.001449339468194135,849.2028632924932
4876,0,0.0024452243032474725,848.6551266332139
3529,1,0.0011964287468691158,849.341964189222
800,0,0.006327544693966495,846.5198504183185
1684,0,0.0052808213275164,847.095548269866
4681,0,0.0013598374682966068,849.2520893924369
4196,0,0.0012170012356889218,849.3306493203711
1921,0,0.0011157024363168564,849.3863636600257
2209,0,0.0016576587460837707,849.088287689654
1221,0,0.013182221200849916,842.7497783395326
4003,0,0.0008460916510299034,849.5346495919335
1513,0,0.001188956430694021,849.3460739631182
4351,0,0.0008446679402017526,849.5354326328891
1253,0,0.0015161649469786261,849.1661092791618
5330,0,0.0014780972662839043,849.1870465035439
5169,0,0.00314862504969992,848.2682562226651
598,0,0.005669391529505877,846.8818346587718
1609,0,0.10442378681449857,792.5669172520257
315,0,0.0031538735712298934,848.2653695358235
5242,0,0.00354597896082535,848.049711571546
2276,0,0.0044909600481317915,847.5299719735275
149,0,0.0032689973676681854,848.2020514477825
4733,0,0.0011620905353000508,849.3608502055849
1844,0,0.0016754352181418887,849.078510630022
290,0,0.004030909808700214,847.7829996052149
453,0,0.001181388265823531,849.350236453797
5961,0,0.003884056115536995,847.8637691364546
4808,0,0.0009826741513746,849.4595292167439
3396,0,0.0018570845231497958,848.9786035122676
691,0,0.009545407395694486,844.750025932368
1144,0,0.0012530490565755947,849.3108230188834
1634,0,0.0008990971223583198,849.5054965827029
4192,0,0.0015591528079315245,849.1424659556377
1780,0,0.0008755806496926274,849.518430642669
4970,0,0.04843539966091206,823.3605301864984
3651,0,0.0016782422977166761,849.0769667362558
655,0,0.003117153789761635,848.2855654156311
3135,0,0.0006734230592956662,849.6296173173874
1902,0,0.0012865031425809527,849.2924232715804
4427,0,0.0006924164376882334,849.6191709592715
1039,0,0.001144971681409247,849.370265575225
4629,0,0.0008833011950653124,849.5141843427141
1411,0,0.005514329401058159,846.967118829418
5747,0,0.007136841458224337,846.0747371979766
1672,0,0.0008755806496926274,849.518430642669
5095,0,0.003989768321590765,847.8056274231251
1370,0,0.003152637962968906,848.266049120367
5082,0,0.0008755806496926274,849.518430642669
3133,0,0.0035997163798641564,848.0201559910747
2380,0,0.003850426877117139,847.8822652175855
3720,0,0.0007490016108268091,849.5880491140452
4091,0,0.0010141661268801706,849.4422086302159
5006,0,0.008490912158411643,845.3299983128736
1623,0,0.0041099561518824395,847.7395241164646
3669,0,0.0026231091553103577,848.5572899645792
381,0,0.0023032118984023246,848.7332334558787
3114,0,0.0018385938363893537,848.9887733899858
1820,0,0.0013371549398131992,849.2645647831027
3630,0,0.004336879572186793,847.6147162352972
422,0,0.0009932031461356533,849.4537382696254
808,0,0.0015982368185197817,849.1209697498141
1379,0,0.003841948966275002,847.8869280685487
1669,0,0.011451914049783848,843.7014472726189
2098,0,0.0027113836383840587,848.5087389988887
5525,0,0.0011025841834870983,849.3935786990821
124,0,0.001164729989251698,849.3593985059116
102,0,0.0013754657365380326,849.243493844904
4058,0,0.0010817353844584823,849.4050455385478
1732,0,0.023588662043439495,837.0262358761083
3035,0,0.0022712877035166628,848.7507917630658
2915,0,0.0020813805876511776,848.8552406767918
486,0,0.003646117185840777,847.9946355477875
1128,0,0.0017501539339696928,849.0374153363167
3617,0,0.005902930731178771,846.7533880978517
1514,0,0.002288017543946482,848.7415903508295
135,0,0.0005649109187842607,849.6892989946687
2598,0,0.0016613430786722584,849.0862613067302
2002,0,0.003892424495199597,847.8591665276402
2833,0,0.0015400408473231074,849.1529775339723
1817,0,0.003226851692159931,848.225231569312
752,0,0.012186462693918801,843.2974455183447
4001,0,0.0015468744841802967,849.1492190337008
5027,0,0.0010953711950575493,849.3975458427184
1103,0,0.0010436148949190135,849.4260118077946
5370,0,0.019337183426978728,839.3645491151617
2316,0,0.00194768956867911,848.9287707372265
1918,0,0.013793197981586076,842.4137411101277
1543,0,0.002770543101547492,848.476201294149
3667,0,0.004701257764997195,847.4143082292516
4441,0,0.00031277080825847006,849.8279760554578
3706,0,0.003281671869137532,848.1950804719744
1176,0,0.0029603026046530192,848.3718335674408
1559,0,0.00337451067170398,848.1440191305628
5663,0,0.0007428708986641433,849.5914210057348
144,0,0.001442135734579521,849.2068253459813
380,0,0.0011284027928978749,849.3793784639062
1433,0,0.0026262432189742943,848.5555662295641
1095,0,0.00254256301254106,848.6015903431024
5413,0,0.0012447059843806337,849.3154117085907
121,0,0.002500084115294275,848.6249537365882
5565,0,0.000885991058023257,849.5127049180873
611,0,0.003720007906866687,847.9539956512233
4824,0,0.0011439713571005222,849.3708157535947
1941,0,0.0008097743423996061,849.5546241116803
418,0,0.004661354976847336,847.4362547627339
2252,0,0.0013336586631136546,849.2664877352875
1350,1,0.02110577777302468,838.3918222248365
2303,0,0.0009187881320776197,849.4946665273574
5433,0,0.0011982098498238172,849.3409845825969
4258,0,0.001054767027969258,849.419878134617
1978,0,0.001793090142587663,849.0138004215768
4479,0,0.000741027097746937,849.5924350962392
1302,0,0.020526583150937493,838.7103792669844
3055,0,0.0008401972530370004,849.5378915108297
248,0,0.0012286625737263062,849.3242355844505
1397,0,0.014311323473391655,842.1287720896346
4028,0,0.004083672000836407,847.75398039954
447,0,0.0015300495146412494,849.1584727669474
1425,0,0.0029080571987782386,848.4005685406719
4686,0,0.0016949147156421816,849.0677969063968
1199,0,0.013817323948760861,842.4004718281815
1421,0,0.010280229224253666,844.3458739266605
4557,0,0.003278773787046262,848.1966744171245
3764,0,0.0017867587316406917,849.0172826975976
3916,0,0.01103552954185618,843.9304587519791
4473,0,0.0008027027285579949,849.5585134992931
4664,0,0.0019096003081505138,848.9497198305172
4727,0,0.0011124487488825164,849.3881531881146
4113,0,0.001933869617286575,848.9363717104924
3509,0,0.017577593494245584,840.332323578165
2885,0,0.0009932031461356533,849.4537382696254
1535,0,0.006883122878450791,846.214282416852
414,0,0.002276397500093101,848.7479813749488
4585,0,0.001649262025005898,849.0929058862467
1720,0,0.0008755806496926274,849.518430642669
654,0,0.0027716302833553194,848.4756033441546
3560,0,0.00333018315089516,848.1683992670077
1002,0,0.0015865024590127083,849.127423647543
4454,0,0.0016066807355404006,849.1163255954527
3372,0,0.020440612363829797,838.7576631998936
3973,0,0.00421372858249166,847.6824492796296
5912,0,0.03676671582313132,829.7783062972778
1487,0,0.0011996548201464077,849.3401898489195
589,0,0.003749618631814652,847.937709752502
2086,0,0.02287231024438399,837.4202293655889
3608,0,0.0061838035331035586,846.598908056793
4516,0,0.0017527691167165673,849.035976985806
1600,0,0.0016274074159792098,849.1049259212115
5289,0,0.007538291743979047,845.8539395408116
2836,0,0.0021672286661989994,848.8080242335906
2357,0,0.003546458718158333,848.049447705013
994,0,0.00245956199600198,848.647240902199
2197,0,0.008810941239439663,845.1539823183082
1879,0,0.007778719703740825,845.7217041629426
4564,0,0.0020483806522508473,848.8733906412621
1371,0,0.0033428007476938595,848.1614595887684
1873,0,0.002670795718835183,848.5310623546407
208,0,0.0019282066982321054,848.9394863159723
4812,0,0.02869441363578592,834.2180725003177
4240,0,0.0018106232896672387,849.004157190683
425,0,0.015249750814419698,841.6126370520692
5786,0,0.0800062153956135,805.9965815324126
1406,0,0.0017060192799275811,849.0616893960398
5648,0,0.004141963290079355,847.7219201904563
1108,0,0.0018323579518720573,848.9922031264704
5272,0,0.003185107657295244,848.2481907884876
110,0,0.0029358850863050634,848.3852632025322
3074,0,0.0016890813245661843,849.0710052714886
5825,0,0.0025016295989872283,848.6241037205571
2263,0,0.011915100523682217,843.4466947119748
2548,0,0.0015219687951743672,849.162917162654
2034,0,0.0033603647888181504,848.15179936615
1172,0,0.0009435747239693575,849.4810339018169
3768,0,0.001610452102684095,849.1142513435237
2445,0,0.007453770589063934,845.9004261760149
3182,0,0.008583930021345129,845.2788384882601
2945,0,0.002482994038083606,848.634353279054
4591,0,0.0007588254554809483,849.5826459994855
4589,0,0.027793368928119074,834.7136470895344
3611,0,0.001244382016710161,849.3155898908094
3937,0,0.0026076767523621047,848.5657777862009
2146,0,0.0010543550170769855,849.4201047406077
5751,0,0.0014683878987492747,849.1923866556879
1468,0,0.003779434534159786,847.9213110062121
437,0,0.003963490262713414,847.8200803555077
5787,0,0.008087281141042908,845.5519953724264
1057,0,0.0012473057794708325,849.313981821291
2795,0,0.0030737671469737798,848.3094280691644
107,0,0.0032126202564975483,848.2330588589264
3552,0,0.05719241804505563,818.5441700752194
29,0,0.01033212393548696,844.3173318354822
2232,0,0.0035563764338804853,848.0439929613657
889,0,0.09397010140909394,798.3164442249983
3065,0,0.002780987258203461,848.4704570079881
1630,0,0.001667866870462894,849.0826732212454
751,0,0.0012530490565755947,849.3108230188834
2358,0,0.0017332562125700998,849.0467090830864
584,0,0.005355977927041157,847.0542121401273
1934,0,0.0008920453014676002,849.5093750841928
4982,0,0.1844758800682916,748.5382659624396
2350,0,0.0014465797359197554,849.2043811452442
5605,0,0.0015417378463274025,849.1520441845199
5214,0,0.0005342007022592415,849.7061896137574
3846,0,0.0013790999089545119,849.2414950500751
5118,0,0.0007919066997247561,849.5644513151514
5948,0,0.0020213794600224978,848.8882412969876
2317,0,0.0012301738552914698,849.3234043795896
1344,0,0.0010736603753014008,849.4094867935842
3441,0,0.001504921455307878,849.1722931995806
4635,0,0.013125414413543451,842.7810220725511
5870,0,0.0009089568406875207,849.5000737376218
969,0,0.0026004315532027486,848.5697626457385
179,1,0.00300019859156938,848.3498907746368
2794,0,0.0008814003015869892,849.5152298341271
1507,0,0.011693370777920875,843.5686460721436
4046,0,0.0022678427702153203,848.7526864763815
2138,0,0.0019083021918029621,848.9504337945084
5828,0,0.0009034368231734282,849.5031097472546
3487,0,0.0020965206995326247,848.8469136152571
4536,0,0.0023451148340585936,848.7101868412677
5286,0,0.00172664803808427,849.0503435790537
5495,0,0.002007875952700429,848.8956682260148
1867,0,0.010512669931248915,844.2180315378131
90,0,0.004570092768156596,847.4864489775139
2815,0,0.0031005707304706752,848.2946860982412
3409,0,0.0020752537737417343,848.8586104244421
2405,0,0.0012073796426753842,849.3359411965286
2471,0,0.0015417378463274025,849.1520441845199
624,0,0.003704223878378518,847.9626768668918
69,0,0.0010715197833005346,849.4106641191847
3624,0,0.002743365339865295,848.4911490630741
1505,0,0.004580349951490042,847.4808075266805
3491,0,0.0022245183969777545,848.7765148816623
5137,0,0.001766320590630389,849.0285236751532
4669,0,0.0009530217403095243,849.4758380428298
764,0,0.0006026572755246614,849.6685384984614
293,0,0.006199798524412427,846.5901108115731
4352,0,0.0012096862695619881,849.3346725517409
445,0,0.0005649109187842607,849.6892989946687
468,0,0.5069945704639518,571.1529862448265
3435,0,0.001429175419597451,849.2139535192214
1219,0,0.002516792568447398,848.6157640873539
432,0,0.017994160686093077,840.1032116226488
3187,0,0.03167534437026109,832.5785605963564
1488,0,0.0019536916088482483,848.9254696151335
3547,0,0.0007490016108268091,849.5880491140452
3751,0,0.012706749365432866,843.011287849012
577,0,0.002738661206327276,848.49373633652
2173,0,0.0035472992840053664,848.0489853937971
245,0,0.0042156053218023555,847.6814170730087
4190,0,0.0026312594518964052,848.552807301457
367,0,0.0008758972865331748,849.5182564924067
4568,0,0.014037273981433566,842.2794993102115
2900,0,0.026277521905802858,835.5473629518084
1611,0,0.0022994778439205787,848.7352871858436
2845,0,0.0006235763881796343,849.6570329865012
3784,1,0.01075898324494304,844.0825592152813
4209,0,0.002883702420477337,848.4139636687374
5500,0,0.0036018269226368426,848.0189951925497
1242,0,0.004798161464067355,847.361011194763
2370,0,0.00241200039718199,848.6733997815498
4269,0,0.0014186948615833963,849.2197178261291
4472,0,0.017200103272204642,840.5399432002874
4385,0,0.007198454521698053,846.040850013066
555,0,0.003703866313487198,847.962873527582
2163,0,0.0016757692659564241,849.0783269037239
5968,0,0.0007513263392655871,849.586770513404
5959,0,0.0007611678220217006,849.581357697888
4742,0,0.0017247819266496378,849.0513699403427
5851,0,0.004924907021655581,847.2913011380895
4275,0,0.0026667903614730347,848.5332653011899
1963,0,0.002883702420477337,848.4139636687374
4264,0,0.0020247153209108073,848.8864065734991
3289,0,0.0011025841834870983,849.3935786990821
5584,0,0.0005649109187842607,849.6892989946687
151,0,0.006621635648919891,846.358100393094
4674,0,0.0024489734849685017,848.6530645832673
4732,0,0.0009932031461356533,849.4537382696254
4758,0,0.014642963119589087,841.946370284226
5270,0,0.0019083021918029621,848.9504337945084
4214,0,0.0018006249752843732,849.0096562635936
3494,0,0.002363944174802091,848.6998307038589
5830,0,0.002304476903508088,848.7325377030705
3692,0,0.002743365339865295,848.4911490630741
4620,0,0.0006734230592956662,849.6296173173874
3607,0,0.0030472438844667323,848.3240158635433
1755,0,0.004588082842821078,847.4765544364484
5273,0,0.001474600497482778,849.1889697263845
4559,0,0.0009142293871505402,849.4971738370672
748,0,0.0019273175629773397,848.9399753403625
5780,0,0.0016784306232701116,849.0768631572014
1533,0,0.0023023448388813155,848.7337103386152
1042,0,0.001283543609264977,849.2940510149043
5491,1,0.0026605394092594986,848.5367033249073
3879,0,0.006344198987540457,846.5106905568528
2663,0,0.006647682261092364,846.3437747563992
5106,0,0.0011626475367863842,849.3605438547675
1557,0,0.0012461028424926828,849.314643436629
491,0,0.0007588254554809483,849.5826459994855
4373,0,0.0006774597315663272,849.6273971476386
3382,0,0.0032253071698829395,848.2260810565645
5527,0,0.011804068923050777,843.5077620923221
471,0,0.0010838065057632445,849.4039064218302
5303,0,0.0011539283639407497,849.3653393998326
2312,0,0.007863392307265965,845.6751342310038
5597,0,0.0016536522060542815,849.0904912866702
807,0,0.009439141006273907,844.8084724465493
5670,0,0.0071415373016808165,846.0721544840756
4879,0,0.0026588839290384737,848.5376138390288
896,0,0.0016307251533166107,849.1031011656759
5371,0,0.0006174130492245146,849.6604228229265
2503,0,0.002446322749723637,848.654522487652
5683,0,0.003156101914149184,848.2641439472179
4322,0,0.003834870399660188,847.8908212801869
354,0,0.0012521650741270742,849.3113092092301
251,0,0.0009932031461356533,849.4537382696254
185,0,0.005074697925851951,847.2089161407814
2378,0,0.082372563318756,804.6950901746842
1183,0,0.0007147780800547888,849.6068720559698
2110,0,0.0010889326913272575,849.40108701977
4274,0,0.01841869151601903,839.8697196661896
227,0,0.0008027027285579949,849.5585134992931
2153,0,0.0023084827460520888,848.7303344896713
5767,0,0.006614000116787605,846.3622999357668
1295,0,0.002011172443630048,848.8938551560035
5931,0,0.0008981678453116768,849.5060076850785
4851,0,0.0022174094500832125,848.7804248024543
3938,0,0.0007475243170529859,849.5888616256209
5460,0,0.0012275273974762196,849.3248599313881
2802,0,0.0012893064426573694,849.2908814565385
3184,0,0.0042098033599536604,847.6846081520255
1905,0,0.0032695555118582,848.2017444684781
5036,0,0.0020315893088574417,848.8826258801283
2223,0,0.023384347005043275,837.1386091472261
3838,0,0.004825851501244829,847.3457816743154
3181,0,0.8417032360420904,387.0632201768503
292,0,0.0017807351399023,849.0205956730538
2721,0,0.000687444635937145,849.6219054502345
549,0,0.001994625754019131,848.9029558352895
4254,0,0.004512567614014288,847.5180878122922
5529,0,0.004111887335035047,847.7384619657307
1569,0,0.0006500774595055145,849.642457397272
1075,0,0.0015937665997475246,849.1234283701389
4440,0,0.006748307310764968,846.2884309790793
2447,0,0.0037911894956979466,847.9148457773662
1322,0,0.0010374125350901605,849.4294231057004
5059,0,0.0018992240915968962,848.9554267496217
2968,0,0.0015654628582500185,849.1389954279625
3209,0,0.0008027027285579949,849.5585134992931
2670,0,0.001283543609264977,849.2940510149043
2420,0,0.000842583809867035,849.5365789045732
3734,0,0.0019506815066241778,848.9271251713567
5109,0,0.004239848543488153,847.6680833010815
3053,0,0.8738081131141775,369.4055377872024
2834,1,0.9952432701320487,302.6162014273732
3717,0,0.001090439824632085,849.4002580964524
3337,0,0.0030631774993448917,848.3152523753603
3196,0,0.0028290753343636543,848.4440085661
4866,0,0.006098481437623942,846.6458352093068
3740,0,0.0008401972530370004,849.5378915108297
4886,0,0.002198325197619798,848.7909211413091
5800,0,0.0015417378463274025,849.1520441845199
1142,0,0.0010432675150107962,849.426202866744
4643,1,0.004272411945773687,847.6501734298245
932,0,0.0007281568552926016,849.599513729589
613,0,0.0150055788321717,841.7469316423055
2227,0,0.0023887611060864314,848.6861813916524
4738,0,0.0012275273974762196,849.3248599313881
3240,0,0.0012447059843806337,849.3154117085907
3469,0,0.0006924164376882334,849.6191709592715
5050,0,0.0009571104180692161,849.4735892700619
4691,0,0.006440065350946167,846.4579640569796
3815,1,0.004874694465997304,847.3189180437015
4101,0,0.0015161649469786261,849.1661092791618
5407,0,0.0014640999997714403,849.1947450001256
505,0,0.0012385275009456696,849.3188098744799
1509,0,0.000741027097746937,849.5924350962392
1666,0,0.0007429145964857724,849.5913969719328
272,0,0.002990510013473901,848.3552194925893
2115,0,0.0005983707250533931,849.6708961012206
5164,0,0.002198325197619798,848.7909211413091
4505,0,0.005397166655186912,847.0315583396472
1485,0,0.001454932370326839,849.1997871963202
4301,0,0.0006518492956916254,849.6414828873696
701,0,0.002323129978527399,848.7222785118099
3833,0,0.0011957613305985258,849.3423312681708
3589,0,0.0017692316345925324,849.0269226009741
106,0,0.005522717285345764,846.9625054930598
5047,0,0.0021713381939418666,848.805763993332
5000,0,0.0007916595226140636,849.5645872625622
5317,0,0.001344373907858155,849.260594350678
4767,0,0.0009197999483950169,849.4941100283828
5241,0,0.007165715498966433,846.0588564755685
3849,0,0.001533166386176503,849.1567584876029
952,0,0.0024270513768390586,848.6651217427385
2364,0,0.0021734717159251748,848.8045905562411
3895,0,0.0033239584370386524,848.1718228596287
3839,0,0.0007829700300137964,849.5693664834924
2650,0,0.0027975874392039265,848.4613269084379
3226,0,0.0011047647677712652,849.3923793777259
4930,0,0.0006734230592956662,849.6296173173874
2910,0,0.0009396954378116349,849.4831675092037
1084,0,0.004438328469681463,847.5589193416752
3539,0,0.002887660549271493,848.4117866979007
3544,0,0.000880034788337722,849.5159808664142
4641,0,0.0016795000994617047,849.0762749452961
1420,0,0.001188494378945753,849.3463280915798
2770,0,0.0008755806496926274,849.518430642669
1786,0,0.001615668467567455,849.1113823428379
4480,0,0.001023143608624458,849.4372710152566
1888,0,0.002987379681761317,848.3569411750312
5661,0,0.0016724503630316998,849.0801523003325
5649,0,0.007765226739340618,845.7291252933626
416,0,0.001221420234169652,849.3282188712067
1215,0,0.0035593848161294198,848.0423383511288
4838,0,0.0026004315532027486,848.5697626457385
5746,0,0.004701001146001726,847.414449369699
564,0,0.0016058351865075422,849.1167906474208
478,0,0.003999771006946404,847.8001259461795
5837,0,0.00143201960059493,849.2123892196728
142,0,0.0010817353844584823,849.4050455385478
1212,0,0.0009954661258837609,849.4524936307639
5297,0,0.002843675523841772,848.435978461887
1097,0,0.8721236657771109,370.331983822589
2142,0,0.0020135014540338474,848.8925742002814
605,0,0.011432555927012951,843.7120942401428
3786,0,0.0034839833154807196,848.0838091764856
2575,0,0.011229828960142478,843.8235940719217
497,0,0.0006774597315663272,849.6273971476386
2542,0,0.0021871791943237203,848.797051443122
4481,0,0.002406723975710801,848.676301813359
5221,0,0.004598830486431361,847.4706432324627
2463,0,0.0005567047843596716,849.6938123686022
721,0,0.008960969694719689,845.0714666679041
1086,0,0.1622903975047229,760.7402813724024
1025,0,0.0017596593676756146,849.0321873477784
1357,0,0.19078749833121456,745.066875917832
3256,0,0.001700351537511209,849.0648066543688
2812,0,0.0020138579496567894,848.8923781276887
3398,0,0.0008457819240233104,849.5348199417872
4811,0,0.0008729440164166851,849.5198807909708
4832,0,0.0006385532812878751,849.6487956952916
2892,0,0.0015195239149402096,849.1642618467829
3407,0,0.0018097211863642192,849.0046533474997
2957,0,0.0016569288951062645,849.0886891076916
4751,0,0.0011363497517496437,849.3750076365377
336,0,0.0020354459841624936,848.8805047087106
5257,0,0.000842583809867035,849.5365789045732
1964,0,0.002365730500476981,848.6988482247377
3557,0,0.0007017879937174439,849.6140166034554
1561,0,0.01186828791945661,843.4724416442989
1738,0,0.06377092706790051,814.9259901126547
4362,0,0.012026330762447824,843.3855180806537
2439,0,0.0015393619185033378,849.1533509448232
2018,0,0.004666895452679157,847.4332075010265
3096,0,0.0028365534890484535,848.4398955810234
724,0,0.0028809212004532085,848.4154933397507
765,0,0.0007490016108268091,849.5880491140452
286,0,0.00342957198092954,848.1137354104887
307,0,0.0021725037494838505,848.8051229377838
5210,0,0.0015417378463274025,849.1520441845199
4668,0,0.0028748136562165077,848.4188524890809
5435,0,0.016231678266327987,841.0725769535196
1730,0,0.001540562572720956,849.1526905850035
4409,0,0.0011157024363168564,849.3863636600257
5085,0,0.0052978437055201015,847.0861859619639
1471,0,0.00194339492746374,848.931132789895
71,0,0.0015698870070205353,849.1365621461387
1566,0,0.0016190158901422996,849.1095412604217
711,0,0.0018240272974303453,848.9967849864133
3710,0,0.0023921605727273195,848.684311685
1020,0,0.0014186948615833963,849.2197178261291
1345,0,0.0015219687951743672,849.162917162654
4998,0,0.004393539598063397,847.5835532210651
3158,0,0.0024627459621834307,848.6454897207991
737,0,0.0011744312990417678,849.354062785527
5400,0,0.0024737353882419762,848.6394455364668
2432,0,0.020928293070381493,838.4894388112901
5803,0,0.0021942491476691873,848.793162968782
5570,0,0.0011785847272998034,849.351778399985
1235,0,0.0011982098498238172,849.3409845825969
2259,0,0.0017692655660270368,849.0269039386851
5479,0,0.003646117185840777,847.9946355477875
4379,0,0.0008274067762604105,849.5449262730568
3950,0,0.0011444890145686395,849.3705310419872
5488,0,0.002492798161584069,848.6289610111287
978,0,0.0011284027928978749,849.3793784639062
4623,0,0.0035472992840053664,848.0489853937971
5108,0,0.0013470259528952264,849.2591357259076
2022,0,0.0012530490565755947,849.3108230188834
3520,0,0.0061147621079361185,846.6368808406351
5281,0,0.0072014280121898465,846.0392145932956
344,0,0.0013336586631136546,849.2664877352875
4999,0,0.040031404918480416,827.9827272948357
911,0,0.0019914492409094883,848.9047029174998
2436,0,0.006483873157304921,846.4338697634823
47,0,0.007260682248442002,846.0066247633569
4080,0,0.0025040490596732546,848.6227730171797
5195,0,0.0019623109965526612,848.9207289518961
443,0,0.0033410976500752305,848.1623962924587
3592,0,0.0012275273974762196,849.3248599313881
3130,0,0.003983873226681777,847.808869725325
2486,0,0.0009538062339028411,849.4754065713535
5708,0,0.00217334832341258,848.8046584221231
1893,0,0.000940069254152676,849.482961910216
3017,0,0.049038628003441595,823.0287545981071
1220,0,0.004568381873638538,847.4873899694988
3830,0,0.0028939827254807144,848.4083095009856
2268,0,0.0006734230592956662,849.6296173173874
1055,0,0.002483188136937372,848.6342465246845
848,0,0.016470745514932328,840.9410899667872
3892,0,0.0008131870522609508,849.5527471212565
5846,0,0.006628960513388803,846.3540717176362
3877,0,0.0008494492194630547,849.5328029292954
2742,0,0.0023623227509263025,848.7007224869906
5606,0,0.007535573270202619,845.8554347013886
4280,0,0.005449899832751344,847.0025550919868
1328,0,0.0026784310634473236,848.526862915104
2874,0,0.0010668128997354937,849.4132529051454
4630,0,0.0044178289535029384,847.5701940755733
776,0,0.0033475435606622047,848.1588510416358
5676,0,0.001127805577268068,849.3797069325026
183,0,0.0008814003015869892,849.5152298341271
3129,0,0.0027650470448399773,848.4792241253381
4098,0,0.004577916006511463,847.4821461964187
1193,0,0.002239790993151617,848.7681149537666
3648,0,0.0038511692132630307,847.8818569327053
734,0,0.014900890423919705,841.8045102668441
1835,0,0.009803482747607603,844.6080844888158
2272,0,0.005592667552800018,846.92403284596
3793,0,0.0034142052306322533,848.1221871231522
485,0,0.003963490262713414,847.8200803555077
1163,0,0.004413363953993977,847.5726498253033
452,0,0.006541442790942654,846.4022064649815
2298,0,0.001752309283129769,849.0362298942787
4594,0,0.0027976207605434874,848.4613085817011
30,0,0.0028494897357242196,848.4327806453517
789,0,0.0009535000243300988,849.4755749866184
5098,0,0.0025458005022404796,848.5998097237677
1965,0,0.004406183663008087,847.5765989853455
1109,0,0.0006774597315663272,849.6273971476386
100,0,0.0013483050138216588,849.258432242398
3970,0,0.03413077448633145,831.2280740325177
3012,0,0.0017913569764389104,849.0147536629586
3167,0,0.006773154678783117,846.2747649266693
4724,0,0.0019378314454220977,848.9341927050178
1770,0,0.004461300468828932,847.546284742144
1919,0,0.002245895982253217,848.7647572097608
3755,0,0.002669082301573014,848.5320047341348
4541,0,0.004239085787061292,847.6685028171163
861,0,0.0013754657365380326,849.243493844904
1501,0,0.00311315557159978,848.2877644356201
903,0,0.000659659050031951,849.6371875224825
5055,0,0.001092908620673634,849.3989002586295
109,0,0.0033578333998102155,848.1531916301044
5368,0,0.001532119708527022,849.1573341603101
5872,0,0.004536382690351779,847.5049895203066
5034,0,0.0018577345679709491,848.978245987616
4397,0,0.002739918923751013,848.493044591937
1926,0,0.002591291288433003,848.5747897913618
2133,0,0.007873447597707913,845.6696038212607
3525,0,0.0010404469853830204,849.4277541580394
5861,0,0.0010374125350901605,849.4294231057004
4650,0,0.0012031632604682402,849.3382602067425
3671,0,0.006540258165957855,846.4028580087232
4393,0,0.0009932031461356533,849.4537382696254
3045,1,0.0032523097820791234,848.2112296198565
5546,0,0.007597917498544513,845.8211453758005
5160,0,0.0005649109187842607,849.6892989946687
5638,0,0.04095421125676388,827.4751838087799
3886,0,0.005261129001622406,847.1063790491077
1094,0,0.033364030344958495,831.6497833102728
1121,0,0.002111336103739331,848.8387651429433
2516,0,0.0008669286976852661,849.5231892162731
2210,0,0.0017159980434463063,849.0562010761045
809,0,0.0010399671914099987,849.4280180447245
4252,0,0.003425326759996946,848.1160702820017
3274,0,0.0015382241749090063,849.1539767038
5907,0,0.0012147242625562542,849.331901655594
4343,0,0.0008977120226818587,849.506258387525
5845,0,0.002446322749723637,848.654522487652
5503,0,0.0008375730568137377,849.5393348187524
5653,0,0.0005342007022592415,849.7061896137574
3944,1,0.001752309283129769,849.0362298942787
5039,0,0.2724608473236755,700.1465339719784
2543,0,0.06220633063143407,815.7865181527112
1773,0,0.0019242206025891172,848.941678668576
2846,0,0.0007588254554809483,849.5826459994855
5799,0,0.0075935734007302955,845.8235346295984
1765,0,0.000659659050031951,849.6371875224825
